id,Year,Sample Name,BET(m2 / g),Eg(eV),NO2(%),PT(h),T(℃),PM(g),HR(℃/min),urea,thiourea,dicyandiamide,melamine,Whether doping,Doping ratio(wt%),Load/g(12cm),Tungsten halogen lamp, LED lamp,Xe lamp,Metal halide lamp,Else,Intensity(W/m2),Flow rate(L/min),Pore volume(cm3/g),NOx(%),CT(h),Load (g)
0,2013,CN-0,31.0,2.72,15.45,0.0,550.0,10.0,15.0,1.0,0.0,0.0,0.0,0,0.0,0.1,1.0,0,0.0,0.0,0.0,1600.0,2.4,0.091,26.0,0.0,0.0
1,2013,CN-15,35.0,2.7,14.56,0.25,550.0,10.0,15.0,1.0,0.0,0.0,0.0,0,0.0,0.1,1.0,0,0.0,0.0,0.0,1600.0,2.4,0.14,28.5,0.0,0.0
2,2013,CN-30,52.0,2.69,14.17,0.5,550.0,10.0,15.0,1.0,0.0,0.0,0.0,0,0.0,0.1,1.0,0,0.0,0.0,0.0,1600.0,2.4,0.25,29.7,0.0,0.0
3,2013,CN-60,62.0,2.68,13.67,1.0,550.0,10.0,15.0,1.0,0.0,0.0,0.0,0,0.0,0.1,1.0,0,0.0,0.0,0.0,1600.0,2.4,0.3,30.3,0.0,0.0
4,2013,CN-120,75.0,2.72,12.52,2.0,550.0,10.0,15.0,1.0,0.0,0.0,0.0,0,0.0,0.1,1.0,0,0.0,0.0,0.0,1600.0,2.4,0.34,31.3,0.0,0.0
5,2013,CN-240,288.0,2.78,10.21,4.0,550.0,10.0,15.0,1.0,0.0,0.0,0.0,0,0.0,0.1,1.0,0,0.0,0.0,0.0,1600.0,2.4,1.41,32.1,0.0,0.0
6,2013,CN-U,75.0,2.73,28.26154370885859,2.0,550.0,6.0,15.0,1.0,0.0,0.0,0.0,0,0.0,0.1,1.0,0,0.0,0.0,0.0,1600.0,2.4,0.35049150488665515,31.7,0.0,0.0
7,2013,CN-T,27.0,2.45,28.161217067338995,2.0,550.0,6.0,15.0,0.0,1.0,0.0,0.0,0,0.0,0.1,1.0,0,0.0,0.0,0.0,1600.0,2.4,0.13269635036799313,27.3,0.0,0.0
8,2013,CN-TU,41.0,2.58,33.93525338171463,2.0,550.0,12.0,15.0,1.0,1.0,0.0,0.0,0,0.0,0.1,1.0,0,0.0,0.0,0.0,1600.0,2.4,0.2238875527065715,47.6,0.0,0.0
9,2014,CN-500 °C,5.0,2.44,56.66,2.0,500.0,10.0,15.0,0.0,1.0,0.0,0.0,0,0.0,0.2,1.0,0,0.0,0.0,0.0,1600.0,2.4,0.029,10.2,0.0,0.0
10,2014,CN-525 °C,16.0,2.43,39.72,2.0,525.0,10.0,15.0,0.0,1.0,0.0,0.0,0,0.0,0.2,1.0,0,0.0,0.0,0.0,1600.0,2.4,0.087,12.9,0.0,0.0
11,2014,CN-550 °C,27.0,2.42,35.47,2.0,550.0,10.0,15.0,0.0,1.0,0.0,0.0,0,0.0,0.2,1.0,0,0.0,0.0,0.0,1600.0,2.4,0.142,22.0,0.0,0.0
13,2014,CN-600 °C,36.0,2.57,27.18,2.0,600.0,10.0,15.0,0.0,1.0,0.0,0.0,0,0.0,0.2,1.0,0,0.0,0.0,0.0,1600.0,2.4,0.25,32.7,0.0,0.0
14,2014,CN-0 min,6.0,2.37,45.55,0.0,550.0,10.0,15.0,0.0,1.0,0.0,0.0,0,0.0,0.2,1.0,0,0.0,0.0,0.0,1600.0,2.4,0.036,7.7,0.0,0.0
15,2014,CN-15 min,8.0,2.38,43.18,0.25,550.0,10.0,15.0,0.0,1.0,0.0,0.0,0,0.0,0.2,1.0,0,0.0,0.0,0.0,1600.0,2.4,0.048,10.2,0.0,0.0
16,2014,CN-30 min,10.0,2.39,41.79,0.5,550.0,10.0,15.0,0.0,1.0,0.0,0.0,0,0.0,0.2,1.0,0,0.0,0.0,0.0,1600.0,2.4,0.06,14.1,0.0,0.0
17,2014,CN-60 min,12.0,2.4,38.52,1.0,550.0,10.0,15.0,0.0,1.0,0.0,0.0,0,0.0,0.2,1.0,0,0.0,0.0,0.0,1600.0,2.4,0.073,17.6,0.0,0.0
18,2014,CN-120 min,27.0,2.42,33.31,2.0,550.0,10.0,15.0,0.0,1.0,0.0,0.0,0,0.0,0.2,1.0,0,0.0,0.0,0.0,1600.0,2.4,0.142,22.0,0.0,0.0
19,2014,CN-240 min,71.0,2.9,24.61,4.0,550.0,10.0,15.0,0.0,1.0,0.0,0.0,0,0.0,0.2,1.0,0,0.0,0.0,0.0,1600.0,2.4,0.35,32.3,0.0,0.0
20,2014,C3N4,27.0,2.58,29.524822967841,2.0,550.0,10.0,15.0,0.0,1.0,0.0,0.0,0,0.0,0.1,1.0,0,0.0,0.0,0.0,1600.0,2.4,0.142,22.0,0.0,0.0
21,2014,MCN-HA,112.0,2.6,38.46889939530487,2.0,550.0,10.0,15.0,0.0,1.0,0.0,0.0,1,4.173641947703336,0.1,1.0,0,0.0,0.0,0.0,1600.0,2.4,0.529,40.7,0.0,0.0
22,2014,MCN-NS,105.0,2.62,38.454022485931205,2.0,550.0,10.0,15.0,0.0,1.0,0.0,0.0,1,3.849165480944786,0.1,1.0,0,0.0,0.0,0.0,1600.0,2.4,0.489,39.6,0.0,0.0
27,2015,CN-D,7.0,2.55,39.048089477386696,3.0,550.0,12.0,15.0,0.0,0.0,1.0,0.0,0,0.0,0.1,1.0,0,0.0,0.0,0.0,1600.0,2.4,0.096,22.0,0.0,0.0
28,2015,CN-U,91.0,2.87,34.94980658785658,3.0,550.0,12.0,15.0,1.0,0.0,0.0,0.0,0,0.0,0.1,1.0,0,0.0,0.0,0.0,1600.0,2.4,0.9,29.6,0.0,0.0
29,2015,CN-DU,45.0,2.6829816604799523,30.983975460325667,3.0,550.0,12.0,15.0,1.0,0.0,1.0,0.0,0,0.0,0.1,1.0,0,0.0,0.0,0.0,1600.0,2.4,0.36,39.3,0.0,0.0
30,2015,CN-M,10.0,2.53,36.12151925053611,3.0,550.0,12.0,15.0,0.0,0.0,0.0,1.0,0,0.0,0.1,1.0,0,0.0,0.0,0.0,1600.0,2.4,0.12,26.8,0.0,0.0
31,2015,CN-MU,32.0,2.6965389446155092,23.71735005850621,3.0,550.0,12.0,15.0,1.0,0.0,0.0,1.0,0,0.0,0.1,1.0,0,0.0,0.0,0.0,1600.0,2.4,0.24,41.3,0.0,0.0
32,"2,015",Bi-CN-15,57.0,2.6169280506260977,19.849823943442132,2.0,550.0,10.0,15.0,1.0,0.0,0.0,0.0,1,15.0,0.2,1.0,0,0.0,0.0,0.0,1600.0,2.4,0.28,48.5,0.0,0.0
34,"2,015",Bi-CN-50,41.0,2.592845197976292,7.712886521401586,2.0,550.0,10.0,15.0,1.0,0.0,0.0,0.0,1,50.0,0.2,1.0,0,0.0,0.0,0.0,1600.0,2.4,0.17,47.6,0.0,0.0
38,2015,CN-B,27.0,2.42,37.06,2.0,550.0,10.0,15.0,0.0,1.0,0.0,0.0,0,0.0,0.1,1.0,0,0.0,0.0,0.0,1600.0,2.4,0.14,18.9,0.0,0.0
40,2015,CN-500,99.0,2.65,25.42,2.0,500.0,10.0,15.0,0.0,1.0,0.0,0.0,0,0.0,0.1,1.0,0,0.0,0.0,0.0,1600.0,2.4,0.45,29.0,0.0,0.0
41,2015,CN-550,151.0,2.86,21.24,2.0,550.0,10.0,15.0,0.0,1.0,0.0,0.0,0,0.0,0.1,1.0,0,0.0,0.0,0.0,1600.0,2.4,0.52,33.5,0.0,0.0
42,2014,C3N4,13.49,2.7,9.6,3.0,550.0,12.0,15.0,0.0,0.0,0.0,1.0,0,0.0,0.1,1.0,0,0.0,0.0,0.0,1600.0,2.4,0.09876378059881163,28.7,0.0,0.0
43,2014,C3N4-P-3,22.17,2.4396126069202677,13.35,3.0,550.0,12.0,15.0,0.0,0.0,0.0,1.0,1,3.0,0.1,1.0,0,0.0,0.0,0.0,1600.0,2.4,0.14979926338453414,37.7,0.0,0.0
44,2014,C3N4-P-5,23.8,2.3519555713241522,13.74,3.0,550.0,12.0,15.0,0.0,0.0,0.0,1.0,1,5.0,0.1,1.0,0,0.0,0.0,0.0,1600.0,2.4,0.14359376880358526,42.3,0.0,0.0
45,2014,C3N4-P-10,30.33,2.58,10.5,3.0,550.0,12.0,15.0,0.0,0.0,0.0,1.0,1,10.0,0.1,1.0,0,0.0,0.0,0.0,1600.0,2.4,0.185,37.5,0.0,0.0
46,2015, C3N4,58.7,2.7,29.5,2.0,550.0,16.0,15.0,1.0,0.0,0.0,0.0,0,0.0,0.2,1.0,0,0.0,0.0,0.0,1600.0,2.4,0.408,39.5,0.0,0.0
47,2015, C3N4-Ag-5%,37.1,2.5599569523397157,26.5,2.0,550.0,16.0,15.0,1.0,0.0,0.0,0.0,1,5.0,0.2,1.0,0,0.0,0.0,0.0,1600.0,2.4,0.132,45.5,0.0,0.0
48,2015,C3N4-Ag-10%,35.4,2.5059930039752825,26.5,2.0,550.0,16.0,15.0,1.0,0.0,0.0,0.0,1,10.0,0.2,1.0,0,0.0,0.0,0.0,1600.0,2.4,0.118,54.3,0.0,0.0
49,2015,C3N4-Ag-20%,38.4,2.618481286507489,24.0,2.0,550.0,16.0,15.0,1.0,0.0,0.0,0.0,1,20.0,0.2,1.0,0,0.0,0.0,0.0,1600.0,2.4,0.119,54.2,0.0,0.0
50,2016,CN,13.49,2.7,23.295425290614375,2.0,550.0,10.0,10.0,0.0,1.0,0.0,0.0,0,0.0,0.2,1.0,0,0.0,0.0,0.0,1600.0,2.4,0.11,28.7,0.0,0.0
51,2016,CN–P-3,22.17,2.522980937002034,14.957250974832359,2.0,550.0,10.0,10.0,0.0,1.0,0.0,0.0,1,3.0,0.2,1.0,0,0.0,0.0,0.0,1600.0,2.4,0.15,37.7,0.0,0.0
52,2016,CN–P-5,23.8,2.4700973495142398,19.57519732206123,2.0,550.0,10.0,10.0,0.0,1.0,0.0,0.0,1,5.0,0.2,1.0,0,0.0,0.0,0.0,1600.0,2.4,0.17,42.3,0.0,0.0
53,2016,CN–P-10,30.33,2.4996907375339155,18.556115647562283,2.0,550.0,10.0,10.0,0.0,1.0,0.0,0.0,1,10.0,0.2,1.0,0,0.0,0.0,0.0,1600.0,2.4,0.21,37.5,0.0,0.0
54,2016,CN-T,23.0,2.51,12.04,3.0,550.0,12.0,10.0,0.0,1.0,0.0,0.0,0,0.0,0.1,1.0,0,0.0,0.0,0.0,1600.0,2.4,0.14,29.6,0.0,0.0
55,2016,CN-D,18.0,2.58,9.06,3.0,563.0,12.0,10.0,0.0,0.0,1.0,0.0,0,0.0,0.1,1.0,0,0.0,0.0,0.0,1600.0,2.4,0.09,22.2,0.0,0.0
56,2016,CN-M,14.0,2.56,11.13,3.0,575.0,12.0,10.0,0.0,0.0,0.0,1.0,0,0.0,0.1,1.0,0,0.0,0.0,0.0,1600.0,2.4,0.06,26.8,0.0,0.0
57,2016,CN-U,153.0,2.88,9.33,3.0,530.0,12.0,10.0,1.0,0.0,0.0,0.0,0,0.0,0.1,1.0,0,0.0,0.0,0.0,1600.0,2.4,0.4,31.9,0.0,0.0
58,2018,CN,18.0,2.66,32.50323833867699,2.0,550.0,10.0,15.0,0.0,1.0,0.0,0.0,0,0.0,0.2,1.0,0,0.0,0.0,0.0,1600.0,2.4,0.13,22.75,0.0,0.0
59,2018,CN-Ca1,14.0,2.05,25.096,2.0,550.0,10.0,15.0,0.0,1.0,0.0,0.0,1,3.0,0.2,1.0,0,0.0,0.0,0.0,1600.0,2.4,0.1,37.24,0.0,0.0
60,2018,CN-Ca3,14.0,2.05,25.468,2.0,550.0,10.0,15.0,0.0,1.0,0.0,0.0,1,5.0,0.2,1.0,0,0.0,0.0,0.0,1600.0,2.4,0.09,48.15,0.0,0.0
61,2018,CN-Ca5,10.0,2.05,24.566,2.0,550.0,10.0,15.0,0.0,1.0,0.0,0.0,1,10.0,0.2,1.0,0,0.0,0.0,0.0,1600.0,2.4,0.05,39.47,0.0,0.0
62,2018,CN,26.0,2.45,11.39,2.0,550.0,10.0,15.0,0.0,1.0,0.0,0.0,0,0.0,0.2,1.0,0,0.0,0.0,0.0,1600.0,2.4,0.17,29.0,0.0,0.0
63,2018,OCN-K-CN1,25.0,2.6,14.5,2.0,550.0,10.0,15.0,0.0,1.0,0.0,0.0,1,1.0,0.2,1.0,0,0.0,0.0,0.0,1600.0,2.4,0.17,38.5,0.0,0.0
64,2018,OCN-K-CN3,20.0,2.6,8.814,2.0,550.0,10.0,15.0,0.0,1.0,0.0,0.0,1,3.0,0.2,1.0,0,0.0,0.0,0.0,1600.0,2.4,0.15,45.47,0.0,0.0
65,2018,OCN-K-CN5,16.0,2.6,9.348,2.0,550.0,10.0,15.0,0.0,1.0,0.0,0.0,1,5.0,0.2,1.0,0,0.0,0.0,0.0,1600.0,2.4,0.1,42.1,0.0,0.0
66,2018,CN-3Sr,18.5,2.63,20.167,2.0,550.0,10.0,15.0,0.0,1.0,0.0,0.0,1,3.0,0.2,1.0,0,0.0,0.0,0.0,1600.0,2.4,0.132,50.9,0.0,0.0
67,2018,CN-5Sr,13.3,2.6,22.333,2.0,550.0,10.0,15.0,0.0,1.0,0.0,0.0,1,5.0,0.2,1.0,0,0.0,0.0,0.0,1600.0,2.4,0.096,53.1,0.0,0.0
68,2018,CN-10Sr,9.1,2.58,21.0,2.0,550.0,10.0,15.0,0.0,1.0,0.0,0.0,1,10.0,0.2,1.0,0,0.0,0.0,0.0,1600.0,2.4,0.068,44.7,0.0,0.0
69,2018,CN,23.0,2.66,20.0,2.0,550.0,10.0,15.0,0.0,1.0,0.0,0.0,0,0.0,0.2,1.0,0,0.0,0.0,0.0,1600.0,2.4,0.169,36.3,0.0,0.0
70,2017,CN,26.0,2.45,11.391701131314434,2.0,550.0,10.0,15.0,0.0,1.0,0.0,0.0,0,0.0,0.2,1.0,0,0.0,0.0,0.0,1600.0,2.4,0.17,35.02,0.0,0.0
71,2017,CN-Rb3,26.0,2.4592484993098265,27.44566657262611,2.0,550.0,10.0,15.0,0.0,1.0,0.0,0.0,1,3.0,0.2,1.0,0,0.0,0.0,0.0,1600.0,2.4,0.14,38.66,0.0,0.0
72,2017,CN-Rb5,25.0,2.22,31.350226519083346,2.0,550.0,10.0,15.0,0.0,1.0,0.0,0.0,1,5.0,0.2,1.0,0,0.0,0.0,0.0,1600.0,2.4,0.14,48.54,0.0,0.0
73,2017,CN-Rb10,24.0,2.4390203360771476,25.086794595259907,2.0,550.0,10.0,15.0,0.0,1.0,0.0,0.0,1,10.0,0.2,1.0,0,0.0,0.0,0.0,1600.0,2.4,0.13,33.52,0.0,0.0
74,2017,CN-Cs3,25.0,2.447626392211702,29.38345137919291,2.0,550.0,10.0,15.0,0.0,1.0,0.0,0.0,1,3.0,0.2,1.0,0,0.0,0.0,0.0,1600.0,2.4,0.14,46.21,0.0,0.0
75,2017,CN-Cs5,24.0,2.22,29.213459309678587,2.0,550.0,10.0,15.0,0.0,1.0,0.0,0.0,1,5.0,0.2,1.0,0,0.0,0.0,0.0,1600.0,2.4,0.14,51.11,0.0,0.0
76,2017,CN-Cs10,22.0,2.402993926528199,25.73679154729802,2.0,550.0,10.0,15.0,0.0,1.0,0.0,0.0,1,10.0,0.2,1.0,0,0.0,0.0,0.0,1600.0,2.4,0.12,45.12,0.0,0.0
77,2017,C3N4,20.0,2.39,26.610717671414214,0.0,550.0,0.5,15.0,0.0,0.0,1.0,0.0,0,0.0,0.2,1.0,0,0.0,0.0,0.0,1600.0,2.4,0.13,16.0,0.0,0.0
78,2017,C3N4-2h,50.0,2.46,25.91285099630618,2.0,550.0,0.5,15.0,0.0,0.0,1.0,0.0,0,0.0,0.2,1.0,0,0.0,0.0,0.0,1600.0,2.4,0.31,47.8,0.0,0.0
79,2017,C3N4-4h,122.0,2.58,26.449605569701934,4.0,550.0,0.5,15.0,0.0,0.0,1.0,0.0,0,0.0,0.2,1.0,0,0.0,0.0,0.0,1600.0,2.4,0.55,51.2,0.0,0.0
80,2017,C3N4-6h,105.0,2.55,26.449832923166863,6.0,550.0,0.5,15.0,0.0,0.0,1.0,0.0,0,0.0,0.2,1.0,0,0.0,0.0,0.0,1600.0,2.4,0.49,49.7,0.0,0.0
81,2018,CN-T,26.8,2.47,14.973,2.0,550.0,10.0,15.0,0.0,1.0,0.0,0.0,0,0.0,0.1,1.0,0,0.0,0.0,0.0,1600.0,2.4,0.042,34.9,0.0,0.0
82,2018,CN-U,137.2,2.64,7.0596,2.0,550.0,10.0,15.0,1.0,0.0,0.0,0.0,0,0.0,0.1,1.0,0,0.0,0.0,0.0,1600.0,2.4,0.5488681407917322,40.4,0.0,0.0
84,2019,Pd-C3N4,95.93000004574148,2.75,2.6,2.0,550.0,10.0,15.0,1.0,0.0,0.0,0.0,1,1.0,0.2,1.0,0,0.0,0.0,0.0,1600.0,2.4,0.4417247590825159,44.9,0.0,0.0
86,2020,Au-C3N4,49.8,2.69137600663974,8.11,2.0,550.0,20.0,15.0,1.0,0.0,0.0,0.0,1,5.394323455228153,0.2,1.0,0,0.0,0.0,0.0,1600.0,2.4,0.2698201621587406,41.0,0.0,0.0
91,2020,TN450,13.47,2.62,13.666725366119593,4.0,450.0,19.5,5.0,1.0,0.0,0.0,0.0,0,0.0,0.2,0.0,1,0.0,0.0,0.0,14.0,1.0,0.03,35.2,0.0,0.0
93,2020,TN550,13.02,2.52,8.128447583888743,4.0,550.0,19.5,5.0,1.0,0.0,0.0,0.0,0,0.0,0.2,0.0,1,0.0,0.0,0.0,14.0,1.0,0.03,31.8,0.0,0.0
94,2020,TN600,17.76,2.32,12.15621440659567,4.0,600.0,19.5,5.0,1.0,0.0,0.0,0.0,0,0.0,0.2,0.0,1,0.0,0.0,0.0,14.0,1.0,0.05,24.7,0.0,0.0
98,2015,5M,11.0,2.62,37.215784017825044,2.0,550.0,5.0,15.0,0.0,0.0,0.0,1.0,0,0.0,0.2,1.0,0,0.0,0.0,0.0,1600.0,2.4,0.08,14.3,0.0,0.0
100,2015,5M-CF,65.0,2.55,25.301645618928692,2.0,550.0,5.0,15.0,0.0,0.0,0.0,1.0,0,0.0,0.2,1.0,0,0.0,0.0,0.0,1600.0,2.4,0.293,50.1,0.0,0.0
101,2015,8M-CF,14.0,2.24,32.66998687980415,2.0,550.0,8.0,15.0,0.0,0.0,0.0,1.0,0,0.0,0.2,1.0,0,0.0,0.0,0.0,1600.0,2.4,0.085,22.3,0.0,0.0
102,2015,CN-2T ,66.0,2.5,20.67,2.0,550.0,2.0,15.0,0.0,1.0,0.0,0.0,0,0.0,0.2,1.0,0,0.0,0.0,0.0,1600.0,2.4,0.39,48.3,0.0,0.0
103,2015,CN-5T ,24.0,2.46,36.74,2.0,550.0,5.0,15.0,0.0,1.0,0.0,0.0,0,0.0,0.2,1.0,0,0.0,0.0,0.0,1600.0,2.4,0.18,33.6,0.0,0.0
104,2015,CN-10T,13.0,2.38,32.4,2.0,550.0,10.0,15.0,0.0,1.0,0.0,0.0,0,0.0,0.2,1.0,0,0.0,0.0,0.0,1600.0,2.4,0.087,25.5,0.0,0.0
105,2015,CN-20T,12.0,2.37,44.37,2.0,550.0,20.0,15.0,0.0,1.0,0.0,0.0,0,0.0,0.2,1.0,0,0.0,0.0,0.0,1600.0,2.4,0.083,12.7,0.0,0.0
106,2016,CN,27.0,2.45,34.54373681184998,2.0,550.0,10.0,15.0,0.0,1.0,0.0,0.0,0,0.0,0.2,1.0,0,0.0,0.0,0.0,1600.0,2.4,0.13786953582493755,22.4,0.0,0.0
107,2016,CN-K1,18.0,2.34,25.245770917721007,2.0,550.0,10.0,15.0,0.0,1.0,0.0,0.0,1,1.0,0.2,1.0,0,0.0,0.0,0.0,1600.0,2.4,0.11665191779535719,33.5,0.0,0.0
108,2016,CN-K3,14.0,2.19,25.266483619402514,2.0,550.0,10.0,15.0,0.0,1.0,0.0,0.0,1,3.0,0.2,1.0,0,0.0,0.0,0.0,1600.0,2.4,0.09969783205398926,34.9,0.0,0.0
109,2016,CN-K5,11.0,2.15,33.383596664731975,2.0,550.0,10.0,15.0,0.0,1.0,0.0,0.0,1,5.0,0.2,1.0,0,0.0,0.0,0.0,1600.0,2.4,0.0832019559526038,36.8,0.0,0.0
110,2016,CN-K10,8.0,2.15,23.20915053046012,2.0,550.0,10.0,15.0,0.0,1.0,0.0,0.0,1,10.0,0.2,1.0,0,0.0,0.0,0.0,1600.0,2.4,0.06504134142575276,27.0,0.0,0.0
112,2018,CN,27.0,2.64,27.431216951151765,2.0,550.0,10.0,15.0,0.0,1.0,0.0,0.0,0,0.0,0.2,1.0,0,0.0,0.0,0.0,1600.0,2.4,0.13203492783283596,23.5,0.0,0.0
113,2018,CN-KCl-1%,19.0,2.52,23.769727116636453,2.0,550.0,10.0,15.0,0.0,1.0,0.0,0.0,1,1.0,0.2,1.0,0,0.0,0.0,0.0,1600.0,2.4,0.12368385504782618,32.5,0.0,0.0
114,2018,CN-KCl-3%,17.0,2.44,27.17579798685008,2.0,550.0,10.0,15.0,0.0,1.0,0.0,0.0,1,3.0,0.2,1.0,0,0.0,0.0,0.0,1600.0,2.4,0.11078330491441996,38.4,0.0,0.0
115,2018,CN-KCl-5%,10.0,2.37,35.937785883702155,2.0,550.0,10.0,15.0,0.0,1.0,0.0,0.0,1,5.0,0.2,1.0,0,0.0,0.0,0.0,1600.0,2.4,0.07329378748056754,32.0,0.0,0.0
116,2020,CN,90.75,2.7,60.90906819423734,2.0,550.0,10.0,15.0,1.0,0.0,0.0,0.0,0,0.0,0.2,1.0,0,0.0,0.0,0.0,1600.0,2.4,0.8415688473021596,36.29,0.0,0.0
117,2020,CN-BOC-1,95.93,2.74999902871542,2.600997089285942,2.0,550.0,10.0,15.0,1.0,0.0,0.0,0.0,1,1.0,0.2,1.0,0,0.0,0.0,0.0,1600.0,2.4,0.6746621161415571,41.38,0.0,0.0
118,2020,CN-BOC-2,108.91,2.700270805545096,30.51820889197702,2.0,550.0,10.0,15.0,1.0,1.0,0.0,0.0,1,2.0,0.2,1.0,0,0.0,0.0,0.0,1600.0,2.4,0.5343867815485255,46.29,0.0,0.0
119,2020,CN-BOC-3,96.26,2.7158995530627528,40.144965168664335,2.0,550.0,10.0,15.0,1.0,1.0,0.0,0.0,1,3.0,0.2,1.0,0,0.0,0.0,0.0,1600.0,2.4,0.6397479801966732,52.64,0.0,0.0
120,2020,CN-BOC-4,74.61,2.733964816097489,38.9745718787329,2.0,550.0,10.0,15.0,1.0,1.0,0.0,0.0,1,4.0,0.2,1.0,0,0.0,0.0,0.0,1600.0,2.4,0.3499991435512168,53.28,0.0,0.0
121,2020,CN-BOC-5,88.06,2.720903105011077,42.99135821265741,2.0,550.0,10.0,15.0,1.0,1.0,0.0,0.0,1,5.0,0.2,1.0,0,0.0,0.0,0.0,1600.0,2.4,0.6145647735734724,49.69,0.0,0.0
122,2020,CN-BOC-6,59.56,2.6676854843059656,44.224256811802654,2.0,550.0,10.0,15.0,1.0,1.0,0.0,0.0,1,6.0,0.2,1.0,0,0.0,0.0,0.0,1600.0,2.4,0.2953443949478881,52.0,0.0,0.0
123,2017,CN,26.82,2.7,26.578203951981354,2.0,550.0,10.0,15.0,1.0,1.0,1.0,1.0,0,0.0,0.2,1.0,0,0.0,0.0,0.0,1600.0,2.4,0.17,19.6,0.0,0.0
124,2017,CN-KN1,17.26,2.595933652075242,26.192909363500576,2.0,550.0,10.0,15.0,1.0,1.0,1.0,1.0,1,1.0,0.2,1.0,0,0.0,0.0,0.0,1600.0,2.4,0.05,34.9,0.0,0.0
125,2017,CN-KN3,13.31,2.2966431905466673,31.97706263020625,2.0,550.0,10.0,15.0,1.0,1.0,1.0,1.0,1,3.0,0.2,1.0,0,0.0,0.0,0.0,1600.0,2.4,0.08,41.93,0.0,0.0
126,2017,CN-KN5,8.41,2.361096937159081,39.579247683725676,2.0,550.0,10.0,15.0,1.0,1.0,1.0,1.0,1,5.0,0.2,1.0,0,0.0,0.0,0.0,1600.0,2.4,0.06,40.33,0.0,0.0
128,2019,CN,65.0,2.69,27.505328417431226,2.0,550.0,20.0,15.0,1.0,0.0,0.0,0.0,0,0.0,0.1,1.0,0,0.0,0.0,0.0,1600.0,2.4,0.37,35.9,0.0,0.0
129,2019,CN-OLa-1,70.0,2.64,28.020722515695965,2.0,550.0,20.0,15.0,1.0,0.0,0.0,0.0,1,1.0,0.1,1.0,0,0.0,0.0,0.0,1600.0,2.4,0.37,43.9,0.0,0.0
130,2019,CN-OLa-5,68.0,2.59,28.71052483554349,2.0,550.0,20.0,15.0,1.0,0.0,0.0,0.0,1,5.0,0.1,1.0,0,0.0,0.0,0.0,1600.0,2.4,0.35,47.7,0.0,0.0
131,2019,CN-OLa-10,86.0,2.56,25.891377056380747,2.0,550.0,20.0,15.0,1.0,0.0,0.0,0.0,1,10.0,0.1,1.0,0,0.0,0.0,0.0,1600.0,2.4,0.47,47.8,0.0,0.0
132,2019,CN-OLa-25,78.0,2.44,15.96954360741189,2.0,550.0,20.0,15.0,1.0,0.0,0.0,0.0,1,25.0,0.1,1.0,0,0.0,0.0,0.0,1600.0,2.4,0.38,50.4,0.0,0.0
136,2020,CN-H-550,54.929750504485035,2.6698785399871094,12.62,2.0,550.0,10.0,5.0,0.0,1.0,0.0,0.0,0,0.0,0.1,1.0,0,0.0,0.0,0.0,1600.0,2.4,0.1926150218717004,37.29,0.0,0.0
137,2020,CN-H-600,31.84,2.36,11.3,3.0,600.0,10.0,5.0,0.0,1.0,0.0,0.0,0,0.0,0.1,1.0,0,0.0,0.0,0.0,1600.0,2.4,0.24,41.84,0.0,0.0
138,2019,CN,46.12,2.71,28.7,2.0,550.0,10.0,15.0,1.0,0.0,0.0,0.0,0,0.0,0.2,1.0,0,0.0,0.0,0.0,1600.0,2.4,0.16,30.0,0.0,0.0
139,2019,CN-0.08,53.89,2.66,15.6,2.0,550.0,10.0,15.0,1.0,0.0,0.0,0.0,1,0.08,0.2,1.0,0,0.0,0.0,0.0,1600.0,2.4,0.25,34.7,0.0,0.0
140,2019,CN-0.10,61.86,2.5,10.6,2.0,550.0,10.0,15.0,1.0,0.0,0.0,0.0,1,0.1,0.2,1.0,0,0.0,0.0,0.0,1600.0,2.4,0.29,41.4,0.0,0.0
141,2019,CN-0.11,47.07,2.62,18.7,2.0,550.0,10.0,15.0,1.0,0.0,0.0,0.0,1,0.11,0.2,1.0,0,0.0,0.0,0.0,1600.0,2.4,0.21,29.1,0.0,0.0
143,2015,CN-T,27.0,2.3,25.07060032396879,2.0,550.0,15.0,15.0,0.0,1.0,0.0,0.0,0,0.0,0.2,1.0,0,0.0,0.0,0.0,1600.0,2.4,0.14,21.3,0.0,0.0
145,2015,CN-3h,96.0,2.77,28.8,3.0,450.0,15.0,15.0,1.0,0.0,0.0,0.0,0,0.0,0.2,1.0,0,0.0,0.0,0.0,1600.0,2.4,0.72,40.7,0.0,0.0
147,2016,g-C3N4,103.5,2.54,29.750448366216162,2.0,550.0,16.0,15.0,1.0,0.0,0.0,0.0,0,0.0,0.2,0.0,0,1.0,0.0,0.0,1600.0,2.4,0.55,39.5,0.0,0.0
148,2016,C3N4-Pd-1%,57.3,2.6896525191120997,28.370904107587084,2.0,550.0,16.0,15.0,1.0,0.0,0.0,0.0,1,1.0,0.2,0.0,0,1.0,0.0,0.0,1600.0,2.4,0.29,48.2,0.0,0.0
149,2016,C3N4-Pd-3%,55.6,2.7092002484685103,27.09902068303662,2.0,550.0,16.0,15.0,1.0,0.0,0.0,0.0,1,3.0,0.2,0.0,0,1.0,0.0,0.0,1600.0,2.4,0.29,55.6,0.0,0.0
150,2016,C3N4-Pd-5%,51.5,2.7226629922145906,25.295836431104075,2.0,550.0,16.0,15.0,1.0,0.0,0.0,0.0,1,5.0,0.2,0.0,0,1.0,0.0,0.0,1600.0,2.4,0.26,60.6,0.0,0.0
151,2016,C3N4-Pd-10%,34.8,2.6274823050263727,26.486632776718654,2.0,550.0,16.0,15.0,1.0,0.0,0.0,0.0,1,10.0,0.2,0.0,0,1.0,0.0,0.0,1600.0,2.4,0.13,47.6,0.0,0.0
152,2020,CN,4.8774,2.7,40.17901572247542,2.0,550.0,10.0,15.0,0.0,0.0,0.0,1.0,0,0.0,0.2,1.0,0,0.0,0.0,0.0,1600.0,2.4,0.07528492446398372,24.5,0.0,0.0
153,2020,0.1-NaOH-CN,65.0354,2.63422470420695,33.118901062688266,2.0,550.0,10.0,15.0,0.0,0.0,0.0,1.0,1,10.0,0.2,1.0,0,0.0,0.0,0.0,1600.0,2.4,0.3211423740483612,36.7,0.0,0.0
154,2020,0.15-NaOH-CN,39.53,2.59,22.708235763067535,2.0,550.0,10.0,15.0,0.0,0.0,0.0,1.0,1,15.0,0.2,1.0,0,0.0,0.0,0.0,1600.0,2.4,0.14159705428528582,45.3,0.0,0.0
155,2020,0.20-NaOH-CN,51.1141,2.6837703629561402,16.986584135149094,2.0,550.0,10.0,15.0,0.0,0.0,0.0,1.0,1,20.0,0.2,1.0,0,0.0,0.0,0.0,1600.0,2.4,0.25398327984463825,42.0,0.0,0.0
156,2018,CN,81.0,2.71,60.903662280860495,2.0,550.0,10.0,15.0,1.0,0.0,0.0,0.0,0,0.0,0.2,1.0,0,0.0,0.0,0.0,1600.0,2.4,0.42,33.23,0.0,0.0
158,2018,CN-C2,118.0,2.65,60.75589859228677,2.0,550.0,10.0,15.0,1.0,0.0,0.0,0.0,0,0.0,0.2,1.0,0,0.0,0.0,0.0,1600.0,2.4,0.61,56.77,0.0,0.0
159,2018,CN-C3,118.0,2.63,60.61001284142441,2.0,550.0,10.0,15.0,1.0,0.0,0.0,0.0,0,0.0,0.2,1.0,0,0.0,0.0,0.0,1600.0,2.4,0.65,53.0,0.0,0.0
160,2016,g-C3N4,20.97065671005021,2.7,8.3,4.0,520.0,5.790787457788449,20.0,0.0,0.0,0.0,1.0,0,0.0,0.1,0.0,0,1.0,0.0,0.0,14.0,1.0,0.2356289268265684,37.0,0.0,0.0
163,2017,N-g-C3N4,65.0,2.89,22.3,4.0,550.0,3.0,10.0,0.0,0.0,0.0,1.0,0,0.0,0.1,0.0,0,1.0,0.0,0.0,14.0,1.0,0.4094689376875328,34.94,0.0,0.0
165,2022,Pd-CN,11.856349546256654,2.77,14.83,4.0,520.0,3.0,10.0,0.0,0.0,0.0,1.0,1,0.5,0.1,0.0,0,1.0,0.0,0.0,14.0,1.0,0.24128078098967032,53.0,0.0,0.0
167,2017,g-C3N4,41.410193779980865,2.71,30.5,4.0,550.0,3.0,15.408295336938199,0.0,0.0,0.0,1.0,0,0.0,0.1,0.0,0,1.0,0.0,0.0,14.0,1.0,0.27968722398548895,38.0,0.0,0.0
168,2017,Ns-g-C3N4,45.91063154630596,2.8,19.5,4.0,550.0,3.0,15.61424528257179,0.0,0.0,0.0,1.0,1,5.17722026005589,0.1,0.0,0,1.0,0.0,0.0,14.0,1.0,0.3107647362661724,48.0,0.0,0.0
170,2020,CN-IL5,27.99,2.79,8.419,4.0,520.0,4.0,10.0,0.0,0.0,0.0,1.0,1,5.0,0.1,0.0,0,1.0,0.0,0.0,14.0,1.0,0.22500144927752347,70.07,0.0,0.0
172,2019, CNCU1,5.7,2.73,13.33,4.0,520.0,3.0,20.0,0.0,0.0,0.0,1.0,1,0.3,0.1,0.0,0,1.0,0.0,0.0,14.0,1.0,0.14841224308168727,75.0,0.0,0.0
175,2019, g-C3N4,6.3,2.79,25.83,4.0,520.0,4.0,10.0,0.0,0.0,0.0,1.0,0,0.0,0.1,0.0,0,1.0,0.0,0.0,14.0,1.0,0.14982005083828567,31.0,0.0,0.0
176,2019,CNSr0.05,7.5,2.77,12.67,4.0,520.0,4.0,10.0,0.0,0.0,0.0,1.0,1,0.05,0.1,0.0,0,1.0,0.0,0.0,14.0,1.0,0.14750558079975873,59.0,0.0,0.0
177,2020,g-C3N4,9.576851467703262,2.79,26.0,4.0,520.0,4.0,5.017279225720989,0.0,1.0,0.0,0.0,0,0.0,0.1,0.0,0,1.0,0.0,0.0,1600.0,1.0,0.20483198048124052,35.0,0.0,0.0
178,2020,MgCN0.2,10.21999011018044,2.77,13.33,4.0,520.0,4.0,5.009139525505227,0.0,1.0,0.0,0.0,1,0.2,0.1,0.0,0,1.0,0.0,0.0,1600.0,1.0,0.2214703135950502,43.0,0.0,0.0
179,2020,CaCN0.2,9.85336580216643,2.74,19.0,4.0,520.0,4.0,5.004661119596286,0.0,1.0,0.0,0.0,1,0.2,0.1,0.0,0,1.0,0.0,0.0,1600.0,1.0,0.22083474516939783,53.0,0.0,0.0
180,2020,SrCN0.2,10.223538414622368,2.77,12.83,4.0,520.0,4.0,5.009453465651548,0.0,1.0,0.0,0.0,1,0.2,0.1,0.0,0,1.0,0.0,0.0,1600.0,1.0,0.23637947124872755,55.0,0.0,0.0
181,2020,BaCN0.2,10.001490987282873,2.79,17.33,4.0,520.0,4.0,5.006028922345037,0.0,1.0,0.0,0.0,1,0.2,0.1,0.0,0,1.0,0.0,0.0,1600.0,1.0,0.22908935345240106,62.0,0.0,0.0
183,2022,9-CN,11.11,2.7423994839395074,10.67,4.0,520.0,4.0,5.0,0.0,0.0,0.0,1.0,1,12.0,0.05,0.0,0,1.0,0.0,0.0,1600.0,1.0,0.1416003243924947,78.37,0.0,0.0
184,2019,g-C3N4,50.54,2.7,25.17,2.0,550.0,5.218428358298041,10.0,1.0,0.0,0.0,0.0,0,0.0,0.05,0.0,1,0.0,0.0,0.0,14.0,1.0,0.42568459621269217,35.6,0.0,0.0
187,2015, HA0.5-CN,32.0,2.8,13.67,2.0,520.0,10.0,20.0,0.0,0.0,0.0,1.0,1,0.5,0.15,0.0,1,0.0,0.0,0.0,14.0,1.0,0.24148239658453532,54.3,0.0,0.0
189,2015,HA1.5-CN.,75.0,2.78,21.17,2.0,520.0,10.0,20.0,0.0,0.0,0.0,1.0,1,1.5,0.15,0.0,1,0.0,0.0,0.0,14.0,1.0,0.3250115923932057,60.2,0.0,0.0
191,2020,CNFe0.05,3.404,2.78,17.762335936866606,4.0,520.0,4.0,5.0,0.0,0.0,0.0,1.0,1,0.05,0.05,0.0,0,1.0,0.0,0.0,1600.0,1.0,0.11470713371624904,66.6,0.0,0.0
192,2020,CNFe0.25,5.4,2.76,17.69945954983868,4.0,520.0,4.0,5.0,0.0,0.0,0.0,1.0,1,0.25,0.05,0.0,0,1.0,0.0,0.0,1600.0,1.0,0.11779068520914551,70.0,0.0,0.0
193,2020,CNFe0.5,4.235,2.66,17.62808037747722,4.0,520.0,4.0,5.0,0.0,0.0,0.0,1.0,1,0.5,0.05,0.0,0,1.0,0.0,0.0,1600.0,1.0,0.118322740093784,75.0,0.0,0.0
194,2020,CNFe1.0 ,5.131,2.66,17.559100794452007,4.0,520.0,4.0,5.0,0.0,0.0,0.0,1.0,1,1.0,0.05,0.0,0,1.0,0.0,0.0,1600.0,1.0,0.11795441367714153,75.33,0.0,0.0
195,2021,g-C3N4,34.7,2.79,17.73897376502485,4.0,520.0,3.0,7.810617468349087,0.0,0.0,0.0,1.0,0,0.0,0.1,0.0,0,1.0,0.0,0.0,1600.0,1.0,0.1289840893630695,39.5,0.0,0.0
197,2020,CN,141.7,2.76,14.0,4.0,550.0,10.0,5.0,1.0,0.0,0.0,0.0,0,0.0,0.1,0.0,0,1.0,0.0,0.0,1600.0,1.2,0.5309660540261151,35.0,0.0,0.0
198,2020,IBOI / CN,74.3,2.55,2.8,4.0,550.0,10.0,5.0,1.0,0.0,0.0,0.0,1,30.0,0.1,0.0,0,1.0,0.0,0.0,1600.0,1.2,0.3738212144037958,57.0,0.0,0.0
199,2021, g-C3N4,87.91682833050473,2.75,12.75,2.0,550.0,5.121656257392401,2.0,0.0,0.0,0.0,1.0,0,0.0,0.1,0.0,0,1.0,0.0,0.0,1600.0,1.0,0.22028970028511918,36.82,0.0,0.0
201,2017,CN,9.0,2.7,2.0,2.0,550.0,20.0,10.0,0.0,0.0,1.0,0.0,0,0.0,0.2,0.0,1,0.0,0.0,0.0,14.0,1.0,0.055,22.2,0.0,0.0
205,2020, g-C3N4,10.5,3.01,14.5,1.0,550.0,15.0,52.0,1.0,0.0,0.0,0.0,0,0.0,0.2,0.0,1,0.0,0.0,0.0,500.3772092817424,1.0,0.09985971783475418,31.0,0.0,0.0
207,2017,M5,11.56,2.51,11.086228064974724,3.0,550.0,4.0,20.0,0.0,0.0,0.0,1.0,1,5.0,0.2,0.0,0,0.0,0.0,1.0,10.0,3.0,0.063,22.5,0.0,0.0
208,2017,M10,10.14,2.44,11.414570611613492,3.0,550.0,4.0,20.0,0.0,0.0,0.0,1.0,1,10.0,0.2,0.0,0,0.0,0.0,1.0,10.0,3.0,0.07,21.5,0.0,0.0
210,2017,MTi5,50.16,2.96,11.1548222911514,3.0,550.0,4.0,20.0,0.0,0.0,0.0,1.0,1,5.0,0.2,0.0,0,0.0,0.0,1.0,10.0,3.0,0.495,22.5,0.0,0.0
211,2017,MTi10,48.44,2.95,11.717621462666816,3.0,550.0,4.0,20.0,0.0,0.0,0.0,1.0,1,10.0,0.2,0.0,0,0.0,0.0,1.0,10.0,3.0,0.473,21.5,0.0,0.0
212,2017,Ti10,51.49,3.06,11.712920233715277,3.0,550.0,4.0,20.0,0.0,0.0,0.0,1.0,1,10.0,0.2,0.0,0,0.0,0.0,1.0,10.0,3.0,0.526,30.2,0.0,0.0
213,2019,PCN,72.82685357315083,2.7,13.3,2.0,450.0,5.0,10.0,1.0,0.0,0.0,0.0,0,0.0,0.15,0.0,0,1.0,0.0,0.0,1600.0,1.2,0.5336870917942136,36.0,0.0,0.0
214,2020,CN,105.1,2.71,20.13,4.0,550.0,20.0,2.5,1.0,0.0,0.0,0.0,0,0.0,0.1,0.0,0,1.0,0.0,0.0,1600.0,1.2,0.5784519111672709,34.9,0.0,0.0
216,2020,CN /Au /ZIS-1,136.43,2.52,6.85,4.0,550.0,20.0,2.5,1.0,0.0,0.0,0.0,1,1.3646219267792856,0.1,0.0,0,1.0,0.0,0.0,1600.0,1.2,0.5416719326457838,59.7,0.0,0.0
217,2021,C3N4,9.7,2.69,23.25159434520017,4.0,520.0,20.0,2.0,0.0,0.0,1.0,0.0,0,0.0,0.3,0.0,0,1.0,0.0,0.0,1600.0,0.027,0.0596,21.0,0.0,0.0
219,2020, g-C3N4,47.7,2.79,7.9,5.0,550.0,2.0,10.0,0.0,0.0,0.0,1.0,0,0.0,0.3,1.0,0,0.0,0.0,0.0,1800.0,3.0,0.1649712505538321,29.3,0.0,0.0
223,2018, CN,10.8,2.63,39.5,3.0,550.0,10.0,5.0,0.0,0.0,0.0,1.0,0,0.0,0.1,0.0,0,1.0,0.0,0.0,254.6,0.6,0.14418058528722338,19.3,0.0,0.0
225,2022,g-C3N4,9.25,3.17,15.8,4.0,550.0,10.0,10.0,0.0,0.0,0.0,1.0,0,0.0,0.2,0.0,0,1.0,0.0,0.0,1600.0,1.0,0.3580730300711876,25.8,0.0,0.0
227,2019,CN,72.43997391590094,2.72,12.103760525975057,4.0,550.0,2.0,2.3,0.0,0.0,0.0,1.0,0,0.0,0.1,0.0,0,1.0,0.0,0.0,1600.0,2.4,0.24060731589591441,23.4,0.0,0.0
229,2018,PICN,119.6,2.49,15.460634265709103,4.0,550.0,2.0,4.1322852635310525,0.0,0.0,1.0,0.0,1,0.015471310959697565,0.08,0.0,0,1.0,0.0,0.0,1600.0,2.0,0.5633039088250718,46.0,0.0,0.0
231,2019,g-C3N4,41.18514933322249,2.89,6.5,2.0,550.0,10.0,5.0,0.0,0.0,1.0,0.0,0,0.0,0.1,0.0,0,1.0,0.0,0.0,1600.0,1.2,0.222010014673115,32.0,0.0,0.0
232,2019,AVO-CN-GA,45.622731648138775,2.55,2.83,2.0,550.0,10.0,5.0,0.0,0.0,1.0,0.0,1,8.13457386799861,0.1,0.0,0,1.0,0.0,0.0,1600.0,1.2,0.2194177166124614,65.0,0.0,0.0
233,2019,CN,110.15,2.73,16.17,4.0,550.0,30.0,2.5,1.0,0.0,0.0,0.0,0,0.0,0.1,0.0,0,1.0,0.0,0.0,1600.0,1.2,0.5521062660454923,33.0,0.0,0.0
234,2019,CN-CO-100,131.99,2.6891215769391863,6.17,4.0,550.0,30.0,2.5,1.0,0.0,0.0,0.0,1,1.1302016960193138,0.1,0.0,0,1.0,0.0,0.0,1600.0,1.2,0.5219317762397472,57.0,0.0,0.0
235,2021,CN,108.29,2.93,13.43,4.0,525.0,10.0,5.0,1.0,0.0,0.0,0.0,0,0.0,0.1,0.0,0,1.0,0.0,0.0,1600.0,1.2,0.37791673896175104,35.6,0.0,0.0
236,2021,2CN/NU6-rGO-80,384.14,2.84,1.47,4.0,525.0,10.0,5.0,1.0,0.0,0.0,0.0,1,20.0,0.1,0.0,0,1.0,0.0,0.0,1600.0,1.2,0.9090043180966241,65.4,0.0,0.0
237,2021, g-C3N4,108.27,2.95,10.275042817863905,4.0,550.0,10.0,2.5,1.0,0.0,0.0,0.0,0,0.0,0.1,0.0,0,1.0,0.0,0.0,1600.0,1.2,0.5690193519785772,34.2,0.0,0.0
238,2021, 7% α-Fe2O3/g-C3N4,67.05,2.06,8.082431700932677,4.0,550.0,10.0,2.5,1.0,0.0,0.0,0.0,1,7.0,0.1,0.0,0,1.0,0.0,0.0,1600.0,1.2,0.34074015559397614,60.8,0.0,0.0
239,2016,CN,9.0,2.5,14.630696292063716,2.0,550.0,2.0,5.0,0.0,0.0,1.0,0.0,0,0.0,0.2,1.0,0,0.0,0.0,0.0,1600.0,2.4,0.071,24.9,0.0,0.0
240,2016,CN-1,32.0,2.61,10.451497492028373,2.0,550.0,2.0,5.0,0.0,0.0,1.0,0.0,1,1.1370007889434168,0.2,1.0,0,0.0,0.0,0.0,1600.0,2.4,0.202,31.9,0.0,0.0
241,2016,CN-1.5,59.0,2.64,10.32852552197253,2.0,550.0,2.0,5.0,0.0,0.0,1.0,0.0,1,0.2756419243325352,0.2,1.0,0,0.0,0.0,0.0,1600.0,2.4,0.377,34.9,0.0,0.0
242,2016,CN-2,50.0,2.52,10.895025025561411,2.0,550.0,2.0,5.0,0.0,0.0,1.0,0.0,1,0.35879157986824767,0.2,1.0,0,0.0,0.0,0.0,1600.0,2.4,0.37,47.1,0.0,0.0
243,2016,CN-2.5,30.0,2.53,11.601365984757548,2.0,550.0,2.0,5.0,0.0,0.0,1.0,0.0,1,1.3216293728897162,0.2,1.0,0,0.0,0.0,0.0,1600.0,2.4,0.184,34.2,0.0,0.0
246,2018,5-g-C3N4 /GO,138.57521839539478,2.87617160217213,7.64,1.0,550.0,15.0,52.0,1.0,0.0,0.0,0.0,1,5.0,0.4,1.0,0,0.0,0.0,0.0,1600.0,1.0,0.21610027666390652,34.6,0.0,0.0
247,2018,7-g-C3N4 /GO,177.0,2.89,10.64,1.0,550.0,15.0,52.0,1.0,0.0,0.0,0.0,1,7.0,0.4,1.0,0,0.0,0.0,0.0,1600.0,1.0,0.5212865770999524,44.1,0.0,0.0
248,2018,9-g-C3N4 /GO,149.4639919864062,2.8739647718038195,8.14,1.0,550.0,15.0,52.0,1.0,0.0,0.0,0.0,1,9.0,0.4,1.0,0,0.0,0.0,0.0,1600.0,1.0,0.2252265029943845,45.9,0.0,0.0
251,2019,CN,15.05,2.7,12.549447971385938,4.0,550.0,2.0,2.0,0.0,0.0,0.0,1.0,0,0.0,0.2,1.0,0,0.0,0.0,0.0,1600.0,2.4,0.1592665249270931,30.94,0.0,0.0
252,2019,OCN,125.96,2.79,13.217071428496267,4.0,550.0,2.0,2.0,0.0,0.0,0.0,1.0,1,0.05246381546455603,0.2,1.0,0,0.0,0.0,0.0,1600.0,2.4,0.5572417576145384,41.44,0.0,0.0
253,2016,CN,78.3,2.74,37.0,2.0,550.0,10.0,15.0,0.0,1.0,0.0,0.0,0,0.0,0.2,0.0,0,0.0,0.0,1.0,468.0,2.5,0.16728751837530995,34.42,0.0,0.0
254,2016,90% GOA/CN,385.2,2.58,22.0,2.0,550.0,10.0,15.0,0.0,1.0,0.0,0.0,1,90.0,0.2,0.0,0,0.0,0.0,1.0,468.0,2.5,0.21142717417858448,47.41,0.0,0.0
255,2018,CN,65.64570215841428,2.7,19.700655330950323,2.0,550.0,10.0,15.0,1.0,0.0,0.0,0.0,0,0.0,0.2,0.0,0,0.0,0.0,1.0,1600.0,2.4,0.3288803589649286,32.6,0.0,0.0
256,2018,25%-N-TiO2 /g-C3N4,100.10108853138976,2.84,13.88266832084145,2.0,550.0,10.0,15.0,1.0,0.0,0.0,0.0,1,25.0,0.2,0.0,0,0.0,0.0,1.0,1555.9595752523599,2.4,0.48157484930674693,46.1,0.0,0.0
258,2014,MCN,104.0,2.53,29.064510867699283,2.0,550.0,10.0,15.0,0.0,0.0,1.0,0.0,1,1.0,0.1,1.0,0,0.0,0.0,0.0,1600.0,2.4,0.5045303492899991,50.3,0.0,0.0
261,2020,CN,35.0,2.6,10.68,1.0,550.0,18.0,52.0,1.0,0.0,0.0,0.0,0,0.0,0.1,0.0,0,0.0,1.0,0.0,358.8,2.0,0.1014645649345347,38.8,0.0,0.0
262,2020,CN-Ni-33%,95.0,2.6,0.0,1.0,550.0,18.0,52.0,1.0,0.0,0.0,0.0,1,33.0,0.1,0.0,0,0.0,1.0,0.0,358.8,2.0,0.20113970323608724,51.3,0.0,0.0
263,2020,CN,34.8,2.6,8.9,4.0,550.0,10.0,10.0,0.0,0.0,0.0,1.0,0,0.0,0.2,0.0,0,0.0,1.0,0.0,358.8,2.0,0.14747965568564284,21.88,0.0,0.0
264,2020,0.7%Mo-CN,53.5,2.7,10.05,4.0,550.0,10.0,10.0,0.0,0.0,0.0,1.0,1,0.7,0.2,0.0,0,0.0,1.0,0.0,358.8,2.0,0.15981311686884722,35.78,0.0,0.0
266,2019,CN,19.9,2.71,12.075,3.0,550.0,1.0,2.5,0.0,0.0,0.0,1.0,0,0.0,0.1,0.0,0,0.0,1.0,0.0,252.8,2.0,0.14675203123915403,18.2,0.0,0.0
267,2019,CNT-8,28.2,2.75,9.832,3.0,550.0,1.0,2.5,0.0,0.0,0.0,1.0,0,0.0,0.1,0.0,0,0.0,1.0,0.0,252.8,2.0,0.15937611586990333,23.7,0.0,0.0
268,2019,CNT-12,67.5,2.78,8.119,3.0,550.0,1.0,2.5,0.0,0.0,0.0,1.0,0,0.0,0.1,0.0,0,0.0,1.0,0.0,252.8,2.0,0.17640404052093125,32.8,0.0,0.0
269,2019,CNT-16,69.2,2.77,11.167,3.0,550.0,1.0,2.5,0.0,0.0,0.0,1.0,0,0.0,0.1,0.0,0,0.0,1.0,0.0,252.8,2.0,0.17667175949659725,26.9,0.0,0.0
274,2015,CN,39.1,2.69,7.384918287074576,4.0,550.0,10.0,5.0,0.0,0.0,0.0,1.0,0,0.0,0.1,0.0,1,0.0,0.0,0.0,1600.0,1.0,0.21167000739373873,40.08,0.0,0.0
275,2015,0.5% TAP-CN,37.5,2.63,7.362453268093225,4.0,550.0,10.0,5.0,0.0,0.0,0.0,1.0,1,0.5,0.1,0.0,1,0.0,0.0,0.0,1600.0,1.0,0.16659278670127345,54.43,0.0,0.0
276,2015,1% TAP-CN,37.2,2.59,7.26862243661909,4.0,550.0,10.0,5.0,0.0,0.0,0.0,1.0,1,1.0,0.1,0.0,1,0.0,0.0,0.0,1600.0,1.0,0.16663852673747923,59.43,0.0,0.0
277,2015,2% TAP-CN,29.4,2.54,6.701536049897032,4.0,550.0,10.0,5.0,0.0,0.0,0.0,1.0,1,2.0,0.1,0.0,1,0.0,0.0,0.0,1600.0,1.0,0.15739040927735942,58.73,0.0,0.0
278,2015,3% TAP-CN,26.5,2.5,6.403270045822238,4.0,550.0,10.0,5.0,0.0,0.0,0.0,1.0,1,3.0,0.1,0.0,1,0.0,0.0,0.0,1600.0,1.0,0.14233096355711575,58.41,0.0,0.0
279,2015,10% TAP-CN,26.8,2.39,5.530508427791993,4.0,550.0,10.0,5.0,0.0,0.0,0.0,1.0,1,10.0,0.1,0.0,1,0.0,0.0,0.0,1600.0,1.0,0.16773238569799484,51.74,0.0,0.0
280,2018,CNQDs,39.9496671716843,2.64,6.18,4.0,550.0,10.0,5.0,0.0,0.0,1.0,0.0,1,0.7091896556410133,0.05,0.0,0,1.0,0.0,0.0,1600.0,1.2,0.21944089985381862,65.0,0.0,0.0
281,2017,CN,34.343552585564154,2.66,13.0,3.0,550.0,5.0,21.411873679652185,0.0,0.0,0.0,1.0,0,0.0,0.1,0.0,0,0.0,0.0,1.0,10.0,3.0,0.2722170168226158,21.0,0.0,0.0
283,2017,M0.5,31.12763996568196,2.74,6.0,3.0,550.0,5.0,19.45649346315918,0.0,0.0,0.0,1.0,1,0.5,0.1,0.0,0,0.0,0.0,1.0,10.0,3.0,0.2775587746976838,14.0,0.0,0.0
284,2017,M0.4,33.13809572512201,2.88,12.0,3.0,550.0,5.0,20.928885488741425,0.0,0.0,0.0,1.0,1,1.5,0.1,0.0,0,0.0,0.0,1.0,10.0,3.0,0.2805346536998906,22.0,0.0,0.0
285,2017,M0.25,32.461880563978085,3.0,12.0,3.0,550.0,5.0,20.478062079455096,0.0,0.0,0.0,1.0,1,3.0,0.1,0.0,0,0.0,0.0,1.0,10.0,3.0,0.28692701806179977,32.0,0.0,0.0
286,2017,M0.2,32.94576478892415,3.14,11.0,3.0,550.0,5.0,20.218998307901103,0.0,0.0,0.0,1.0,1,4.0,0.1,0.0,0,0.0,0.0,1.0,10.0,3.0,0.2985933583638129,39.0,0.0,0.0
287,2017,M0.125,33.71863950762902,3.14,7.0,3.0,550.0,5.0,20.003379710277596,0.0,0.0,0.0,1.0,1,7.0,0.1,0.0,0,0.0,0.0,1.0,10.0,3.0,0.31449660206090496,42.0,0.0,0.0
288,2020,g-C3N4,38.9,2.78,18.9,1.0,550.0,15.0,50.0,1.0,0.0,0.0,0.0,0,0.0,0.1,0.0,0,0.0,0.0,1.0,394.16391075651546,0.1,0.0907,37.0,0.0,0.0
289,2020,TC-CN4,63.4,2.912531113169379,8.7,1.0,550.0,15.0,50.0,1.0,0.0,0.0,0.0,1,20.0,0.1,0.0,0,0.0,0.0,1.0,673.7213068718775,0.1,0.23,57.0,0.0,0.0
290,2021,CN,89.69948344636227,2.7,60.91,2.0,550.0,10.0,15.0,1.0,0.0,0.0,0.0,0,0.0,0.1,1.0,0,0.0,0.0,0.0,1600.0,2.4,0.4315523927654715,36.73,0.0,0.0
291,2021,CN-CCO-3,66.90985780576156,2.425344841461829,46.11,2.0,550.0,10.0,15.0,1.0,0.0,0.0,0.0,1,3.0,0.1,1.0,0,0.0,0.0,0.0,1600.0,2.4,0.24356197493724904,42.26,0.0,0.0
292,2021,CN-CCO-6,57.27350024198143,2.3809236946112313,47.83,2.0,550.0,10.0,15.0,1.0,0.0,0.0,0.0,1,6.0,0.1,1.0,0,0.0,0.0,0.0,1600.0,2.4,0.2863967322349593,45.54,0.0,0.0
293,2012,CN-T,27.1,2.46,14.9,2.0,550.0,10.0,15.0,0.0,1.0,0.0,0.0,0,0.0,0.1,1.0,0,0.0,0.0,0.0,1600.0,2.4,0.042,34.9,0.0,0.0
294,2012,CN-D,30.4,2.58,10.5,2.0,550.0,10.0,15.0,0.0,0.0,1.0,0.0,0,0.0,0.1,1.0,0,0.0,0.0,0.0,1600.0,2.4,0.185,37.5,0.0,0.0
295,2020,CN,48.14,2.7,9.8,1.0,550.0,10.0,15.0,1.0,0.0,0.0,0.0,0,0.0,0.2,0.0,0,0.0,1.0,0.0,410.0,2.0,0.15186562557904243,19.19,0.0,0.0
297,2017,CN,13.81,2.7,20.778521690261908,2.0,550.0,12.0,10.0,0.0,1.0,0.0,0.0,0,0.0,0.2,1.0,0,0.0,0.0,0.0,1600.0,1.0,0.12,19.5,0.0,0.0
298,2017,CN-W,32.73,2.758653419831056,15.23020676573937,2.0,550.0,12.0,10.0,0.0,1.0,0.0,0.0,0,0.0,0.2,1.0,0,0.0,0.0,0.0,1600.0,1.0,0.22,37.2,0.0,0.0
300,2016,CN,26.5,2.69,18.59807942339148,2.0,550.0,12.0,10.0,0.0,1.0,0.0,0.0,0,0.0,0.2,1.0,0,0.0,0.0,0.0,1600.0,2.4,0.1065800252260263,31.22,0.0,0.0
301,2016,0.5 wt% MoS2-g-C3N4,37.5,2.63,16.776385837479623,2.0,550.0,12.0,10.0,0.0,1.0,0.0,0.0,1,0.5,0.2,1.0,0,0.0,0.0,0.0,1600.0,2.4,0.1694136703406287,41.76,0.0,0.0
302,2016,1 wt% MoS2-g-C3N4,37.2,2.59,16.75095975885287,2.0,550.0,12.0,10.0,0.0,1.0,0.0,0.0,1,1.0,0.2,1.0,0,0.0,0.0,0.0,1600.0,2.4,0.16978637701393418,45.43,0.0,0.0
304,2016,3 wt% MoS2-g-C3N4,39.1,2.5,21.248784520550338,2.0,550.0,12.0,10.0,0.0,1.0,0.0,0.0,1,3.0,0.2,1.0,0,0.0,0.0,0.0,1600.0,2.4,0.1858155158909812,35.3,0.0,0.0
306,2020,CN,19.96,2.44,14.802707391873504,4.0,550.0,10.0,10.0,0.0,0.0,0.0,1.0,0,0.0,0.1,0.0,1,0.0,0.0,0.0,1600.0,2.4,0.127,28.12,0.0,0.0
307,2020,7%-Ba-CN,45.73,2.3,23.559981199991384,4.0,550.0,10.0,10.0,0.0,0.0,0.0,1.0,1,7.0,0.1,0.0,1,0.0,0.0,0.0,1600.0,2.4,0.205,42.17,0.0,0.0
310,2017,CN-450,31.0,2.76,15.45,0.0,550.0,10.0,15.0,1.0,0.0,0.0,0.0,0,0.0,0.1,1.0,0,0.0,0.0,0.0,1600.0,2.25,0.091,26.0,0.0,0.0
311,2017,CN-600,35.0,2.5,14.56,0.0,600.0,10.0,15.0,1.0,0.0,0.0,0.0,0,0.0,0.1,1.0,0,0.0,0.0,0.0,1600.0,2.25,0.14,28.5,0.0,0.0
312,2017,CN0,19.8,2.71,12.1,3.0,550.0,1.0,2.5,0.0,0.0,0.0,1.0,0,0.0,0.1,0.0,0,0.0,1.0,0.0,252.8,2.0,0.14673976154690846,18.2,0.0,0.0
313,2017,CN1,28.2,2.74,9.8,3.0,550.0,1.0,2.5,0.0,0.0,0.0,1.0,0,0.0,0.1,0.0,0,0.0,1.0,0.0,252.8,2.0,0.15938428327916315,23.7,0.0,0.0
314,2017,CN2,67.4,2.78,8.2,3.0,550.0,1.0,2.5,0.0,0.0,0.0,1.0,0,0.0,0.1,0.0,0,0.0,1.0,0.0,252.8,2.0,0.1763354291621486,32.8,0.0,0.0
315,2017,CN3,69.2,2.76,11.2,3.0,550.0,1.0,2.5,0.0,0.0,0.0,1.0,0,0.0,0.1,0.0,0,0.0,1.0,0.0,252.8,2.0,0.17666538752655514,26.9,0.0,0.0
316,2015,CN,32.7,2.541140051343506,28.0,4.0,550.0,16.0,15.0,0.0,0.0,0.0,0.0,1,0.0,0.15,1.0,0,0.0,0.0,0.0,1600.0,2.4,0.22,37.2,0.0,0.0
317,2015,6% CeO2/g-C3N4,37.1,2.5562674285142744,26.5,4.0,550.0,16.0,15.0,1.0,0.0,0.0,0.0,1,6.0,0.15,1.0,0,0.0,0.0,0.0,1600.0,2.4,0.132,45.4,0.0,0.0
318,2015,8% CeO2/g-C3N4,35.4,2.509437798374241,26.5,4.0,550.0,16.0,15.0,1.0,0.0,0.0,0.0,1,8.0,0.15,1.0,0,0.0,0.0,0.0,1600.0,2.4,0.118,54.5,0.0,0.0
319,2015,10% C3N4-Ag-20%,38.4,2.5718438079148367,24.0,4.0,550.0,16.0,15.0,1.0,0.0,0.0,0.0,1,10.0,0.15,1.0,0,0.0,0.0,0.0,1600.0,2.4,0.119,52.4,0.0,0.0
321,2017,CNMs,24.22,2.71,21.992662356930932,4.0,520.0,20.0,5.0,0.0,0.0,1.0,0.0,0,0.0,0.3,0.0,0,1.0,0.0,0.0,1600.0,2.4,0.1503,22.7,0.0,0.0
322,2017,BSGSCN,106.38,2.69,17.033559671678226,4.0,520.0,20.0,5.0,0.0,0.0,1.0,0.0,0,0.0,0.3,0.0,0,1.0,0.0,0.0,1600.0,2.4,0.1734,29.6,0.0,0.0
323,2016,CN,10.0,2.63,22.074511119389964,4.0,550.0,10.0,10.0,0.0,0.0,1.0,0.0,0,0.0,0.1,0.0,0,1.0,0.0,0.0,1600.0,3.0,0.708,21.6,0.0,0.0
324,2016,BOC-CN-140,19.96,2.44,14.751914374244514,4.0,550.0,10.0,10.0,0.0,0.0,1.0,0.0,0,0.0,0.1,0.0,1,0.0,0.0,0.0,1600.0,3.0,0.127,26.1,0.0,0.0
325,2016,BOC-CN-160,27.1,2.6,14.9,4.0,550.0,10.0,10.0,0.0,0.0,1.0,0.0,0,0.0,0.1,1.0,0,0.0,0.0,0.0,1600.0,3.0,0.042,34.8,0.0,0.0
326,2018,CN,17.8,2.7,12.505,3.0,550.0,10.0,2.5,0.0,0.0,0.0,1.0,0,0.0,0.1,0.0,0,1.0,0.0,0.0,254.6,3.0,0.14557170568084557,21.466,0.0,0.0
327,2018,CNT,25.5,2.66,11.69,3.0,550.0,10.0,2.5,0.0,0.0,0.0,1.0,0,0.0,0.1,0.0,0,1.0,0.0,0.06055167052220131,254.6,3.0,0.1463842498323277,23.711,0.0,0.0
328,2018,BCNT,27.9,2.54,7.32,3.0,550.0,10.0,2.5,0.0,0.0,0.0,1.0,0,0.0,0.1,0.0,0,1.0,0.0,0.0,254.6,3.0,0.14799437096408932,30.554,0.0,0.0
330,2020,g-C3N4/TiO2-2,35.4,2.6,15.05237511919599,2.0,550.0,10.0,5.0,0.0,0.0,0.0,1.0,1,5.0,0.1,0.0,0,1.0,0.0,0.0,790.0,2.4,0.118,55.4,0.0,0.0
331,2020,CN,46.31311920787681,2.86,39.4,1.0,550.0,15.0,15.0,1.0,0.0,0.0,0.0,0,0.0,0.2,0.0,0,0.0,1.0,0.0,410.0,2.0,0.14454413024482435,20.2,0.0,0.0
332,2020,0.5% InP/g-C3N4,47.212097622383126,2.12,17.5,1.0,550.0,15.0,15.0,1.0,0.0,0.0,0.0,1,0.5,0.2,0.0,0,0.0,1.0,0.0,410.0,2.0,0.14644736265224884,39.6,0.0,0.0
335,2020,CN,34.8,3.0,8.8,4.0,550.0,10.0,10.0,0.0,0.0,0.0,1.0,0,0.0,0.2,0.0,0,0.0,1.0,0.0,1600.0,2.0,0.17749159607492795,22.0,0.0,0.0
336,2020,Mo-CN(0.7%)/g-C3N4,53.5,3.03,4.0,4.0,550.0,10.0,10.0,0.0,0.0,0.0,1.0,1,0.7,0.2,0.0,0,0.0,1.0,0.0,1600.0,2.0,0.29778054960606704,36.0,0.0,0.0
